recommendation_type,ctr,n
new_releases,0.15546428929179607,9983
trending,0.15182774161241863,9985
similar_users,0.15091692554364164,9979
personalized,0.148975791433892,10203
genre_based,0.14764899670560047,10017
