n_titles,mean_imdb,median_imdb,mean_duration
1005,6.082189054726368,6.4,89.19860696517414
