fold,auc
1,0.5097812762895361
2,0.5099012738204599
3,0.5079227038039299
4,0.5010088134593056
5,0.49778500396211917
