was_recommended_movie,avg_progress,sd_progress,n,median_progress
FALSE,49.396070488955075,28.93067482584588,100725,49.2
TRUE,52.55,20.576807332528528,2,52.55
